timestamp,lap,waypoint,reading_num,sensor_id,value,unit,status
2026-06-29 09:00:04,1,entrance_lobby,1,temp_body,30.75,C,OK
2026-06-29 09:00:04,1,entrance_lobby,1,temp_motor_FL,35.58,C,OK
2026-06-29 09:00:04,1,entrance_lobby,1,temp_motor_FR,48.41,C,OK
2026-06-29 09:00:04,1,entrance_lobby,1,temp_motor_RL,46.92,C,OK
2026-06-29 09:00:04,1,entrance_lobby,1,temp_motor_RR,52.3,C,OK
2026-06-29 09:00:04,1,entrance_lobby,1,battery_pct,97.69,%,OK
2026-06-29 09:00:04,1,entrance_lobby,1,proximity_cm,39.78,cm,OK
2026-06-29 09:00:04,1,entrance_lobby,1,velocity_ms,1.05,m/s,OK
2026-06-29 09:00:08,1,entrance_lobby,2,temp_body,30.33,C,OK
2026-06-29 09:00:08,1,entrance_lobby,2,temp_motor_FL,45.05,C,OK
2026-06-29 09:00:08,1,entrance_lobby,2,temp_motor_FR,44.03,C,OK
2026-06-29 09:00:08,1,entrance_lobby,2,temp_motor_RL,47.9,C,OK
2026-06-29 09:00:08,1,entrance_lobby,2,temp_motor_RR,47.53,C,OK
2026-06-29 09:00:08,1,entrance_lobby,2,battery_pct,97.34,%,OK
2026-06-29 09:00:08,1,entrance_lobby,2,proximity_cm,134.56,cm,OK
2026-06-29 09:00:08,1,entrance_lobby,2,velocity_ms,1.07,m/s,OK
2026-06-29 09:00:14,1,entrance_lobby,3,temp_body,28.06,C,OK
2026-06-29 09:00:14,1,entrance_lobby,3,temp_motor_FL,50.15,C,OK
2026-06-29 09:00:14,1,entrance_lobby,3,temp_motor_FR,47.45,C,OK
2026-06-29 09:00:14,1,entrance_lobby,3,temp_motor_RL,38.51,C,OK
2026-06-29 09:00:14,1,entrance_lobby,3,temp_motor_RR,33.89,C,OK
2026-06-29 09:00:14,1,entrance_lobby,3,battery_pct,96.64,%,OK
2026-06-29 09:00:14,1,entrance_lobby,3,proximity_cm,287.81,cm,OK
2026-06-29 09:00:14,1,entrance_lobby,3,velocity_ms,1.0,m/s,OK
2026-06-29 09:00:18,1,hallway_A,1,temp_body,31.59,C,OK
2026-06-29 09:00:18,1,hallway_A,1,temp_motor_FL,38.6,C,OK
2026-06-29 09:00:18,1,hallway_A,1,temp_motor_FR,36.61,C,OK
2026-06-29 09:00:18,1,hallway_A,1,temp_motor_RL,31.09,C,OK
2026-06-29 09:00:18,1,hallway_A,1,temp_motor_RR,41.49,C,OK
2026-06-29 09:00:18,1,hallway_A,1,battery_pct,96.15,%,OK
2026-06-29 09:00:18,1,hallway_A,1,proximity_cm,50.58,cm,OK
2026-06-29 09:00:18,1,hallway_A,1,velocity_ms,1.35,m/s,OK
2026-06-29 09:00:22,1,hallway_A,2,temp_body,36.29,C,OK
2026-06-29 09:00:22,1,hallway_A,2,temp_motor_FL,45.46,C,OK
2026-06-29 09:00:22,1,hallway_A,2,temp_motor_FR,51.54,C,OK
2026-06-29 09:00:22,1,hallway_A,2,temp_motor_RL,44.43,C,OK
2026-06-29 09:00:22,1,hallway_A,2,temp_motor_RR,47.61,C,OK
2026-06-29 09:00:22,1,hallway_A,2,battery_pct,95.57,%,OK
2026-06-29 09:00:22,1,hallway_A,2,proximity_cm,8.27,cm,FAULT_LOW
2026-06-29 09:00:22,1,hallway_A,2,velocity_ms,0.94,m/s,OK
2026-06-29 09:00:28,1,hallway_A,3,temp_body,36.55,C,OK
2026-06-29 09:00:28,1,hallway_A,3,temp_motor_FL,51.66,C,OK
2026-06-29 09:00:28,1,hallway_A,3,temp_motor_FR,39.5,C,OK
2026-06-29 09:00:28,1,hallway_A,3,temp_motor_RL,41.34,C,OK
2026-06-29 09:00:28,1,hallway_A,3,temp_motor_RR,50.85,C,OK
2026-06-29 09:00:28,1,hallway_A,3,battery_pct,94.78,%,OK
2026-06-29 09:00:28,1,hallway_A,3,proximity_cm,61.36,cm,OK
2026-06-29 09:00:28,1,hallway_A,3,velocity_ms,1.01,m/s,OK
2026-06-29 09:00:34,1,lab_101,1,temp_body,34.84,C,OK
2026-06-29 09:00:34,1,lab_101,1,temp_motor_FL,31.79,C,OK
2026-06-29 09:00:34,1,lab_101,1,temp_motor_FR,45.87,C,OK
2026-06-29 09:00:34,1,lab_101,1,temp_motor_RL,43.35,C,OK
2026-06-29 09:00:34,1,lab_101,1,temp_motor_RR,36.12,C,OK
2026-06-29 09:00:34,1,lab_101,1,battery_pct,94.13,%,OK
2026-06-29 09:00:34,1,lab_101,1,proximity_cm,146.74,cm,OK
2026-06-29 09:00:34,1,lab_101,1,velocity_ms,0.96,m/s,OK
2026-06-29 09:00:39,1,lab_101,2,temp_body,36.43,C,OK
2026-06-29 09:00:39,1,lab_101,2,temp_motor_FL,49.4,C,OK
2026-06-29 09:00:39,1,lab_101,2,temp_motor_FR,35.73,C,OK
2026-06-29 09:00:39,1,lab_101,2,temp_motor_RL,30.8,C,OK
2026-06-29 09:00:39,1,lab_101,2,temp_motor_RR,37.89,C,OK
2026-06-29 09:00:39,1,lab_101,2,battery_pct,93.48,%,OK
2026-06-29 09:00:39,1,lab_101,2,proximity_cm,91.31,cm,OK
2026-06-29 09:00:39,1,lab_101,2,velocity_ms,0.93,m/s,OK
2026-06-29 09:00:45,1,lab_101,3,temp_body,32.99,C,OK
2026-06-29 09:00:45,1,lab_101,3,temp_motor_FL,52.12,C,OK
2026-06-29 09:00:45,1,lab_101,3,temp_motor_FR,46.07,C,OK
2026-06-29 09:00:45,1,lab_101,3,temp_motor_RL,33.57,C,OK
2026-06-29 09:00:45,1,lab_101,3,temp_motor_RR,33.49,C,OK
2026-06-29 09:00:45,1,lab_101,3,battery_pct,93.08,%,OK
2026-06-29 09:00:45,1,lab_101,3,proximity_cm,227.32,cm,OK
2026-06-29 09:00:45,1,lab_101,3,velocity_ms,1.12,m/s,OK
2026-06-29 09:00:52,1,hallway_B,1,temp_body,31.99,C,OK
2026-06-29 09:00:52,1,hallway_B,1,temp_motor_FL,35.48,C,OK
2026-06-29 09:00:52,1,hallway_B,1,temp_motor_FR,54.94,C,OK
2026-06-29 09:00:52,1,hallway_B,1,temp_motor_RL,42.74,C,OK
2026-06-29 09:00:52,1,hallway_B,1,temp_motor_RR,32.27,C,OK
2026-06-29 09:00:52,1,hallway_B,1,battery_pct,92.33,%,OK
2026-06-29 09:00:52,1,hallway_B,1,proximity_cm,28.43,cm,OK
2026-06-29 09:00:52,1,hallway_B,1,velocity_ms,0.87,m/s,OK
2026-06-29 09:00:57,1,hallway_B,2,temp_body,32.22,C,OK
2026-06-29 09:00:57,1,hallway_B,2,temp_motor_FL,31.59,C,OK
2026-06-29 09:00:57,1,hallway_B,2,temp_motor_FR,39.54,C,OK
2026-06-29 09:00:57,1,hallway_B,2,temp_motor_RL,54.9,C,OK
2026-06-29 09:00:57,1,hallway_B,2,temp_motor_RR,43.23,C,OK
2026-06-29 09:00:57,1,hallway_B,2,battery_pct,91.63,%,OK
2026-06-29 09:00:57,1,hallway_B,2,proximity_cm,13.83,cm,OK
2026-06-29 09:00:57,1,hallway_B,2,velocity_ms,1.32,m/s,OK
2026-06-29 09:01:01,1,hallway_B,3,temp_body,29.15,C,OK
2026-06-29 09:01:01,1,hallway_B,3,temp_motor_FL,52.12,C,OK
2026-06-29 09:01:01,1,hallway_B,3,temp_motor_FR,48.77,C,OK
2026-06-29 09:01:01,1,hallway_B,3,temp_motor_RL,49.21,C,OK
2026-06-29 09:01:01,1,hallway_B,3,temp_motor_RR,38.5,C,OK
2026-06-29 09:01:01,1,hallway_B,3,battery_pct,90.99,%,OK
2026-06-29 09:01:01,1,hallway_B,3,proximity_cm,98.65,cm,OK
2026-06-29 09:01:01,1,hallway_B,3,velocity_ms,0.89,m/s,OK
2026-06-29 09:01:05,1,lab_102,1,temp_body,36.76,C,OK
2026-06-29 09:01:05,1,lab_102,1,temp_motor_FL,36.58,C,OK
2026-06-29 09:01:05,1,lab_102,1,temp_motor_FR,42.51,C,OK
2026-06-29 09:01:05,1,lab_102,1,temp_motor_RL,34.47,C,OK
2026-06-29 09:01:05,1,lab_102,1,temp_motor_RR,52.82,C,OK
2026-06-29 09:01:05,1,lab_102,1,battery_pct,90.22,%,OK
2026-06-29 09:01:05,1,lab_102,1,proximity_cm,263.1,cm,OK
2026-06-29 09:01:05,1,lab_102,1,velocity_ms,0.98,m/s,OK
2026-06-29 09:01:10,1,lab_102,2,temp_body,35.63,C,OK
2026-06-29 09:01:10,1,lab_102,2,temp_motor_FL,43.48,C,OK
2026-06-29 09:01:10,1,lab_102,2,temp_motor_FR,49.47,C,OK
2026-06-29 09:01:10,1,lab_102,2,temp_motor_RL,43.26,C,OK
2026-06-29 09:01:10,1,lab_102,2,temp_motor_RR,30.01,C,OK
2026-06-29 09:01:10,1,lab_102,2,battery_pct,89.84,%,OK
2026-06-29 09:01:10,1,lab_102,2,proximity_cm,107.38,cm,OK
2026-06-29 09:01:10,1,lab_102,2,velocity_ms,0.81,m/s,OK
2026-06-29 09:01:16,1,lab_102,3,temp_body,36.32,C,OK
2026-06-29 09:01:16,1,lab_102,3,temp_motor_FL,37.69,C,OK
2026-06-29 09:01:16,1,lab_102,3,temp_motor_FR,31.45,C,OK
2026-06-29 09:01:16,1,lab_102,3,temp_motor_RL,51.95,C,OK
2026-06-29 09:01:16,1,lab_102,3,temp_motor_RR,53.67,C,OK
2026-06-29 09:01:16,1,lab_102,3,battery_pct,89.1,%,OK
2026-06-29 09:01:16,1,lab_102,3,proximity_cm,39.41,cm,OK
2026-06-29 09:01:16,1,lab_102,3,velocity_ms,1.09,m/s,OK
2026-06-29 09:01:20,1,stairwell_north,1,temp_body,33.33,C,OK
2026-06-29 09:01:20,1,stairwell_north,1,temp_motor_FL,33.14,C,OK
2026-06-29 09:01:20,1,stairwell_north,1,temp_motor_FR,46.49,C,OK
2026-06-29 09:01:20,1,stairwell_north,1,temp_motor_RL,53.67,C,OK
2026-06-29 09:01:20,1,stairwell_north,1,temp_motor_RR,34.13,C,OK
2026-06-29 09:01:20,1,stairwell_north,1,battery_pct,88.31,%,OK
2026-06-29 09:01:20,1,stairwell_north,1,proximity_cm,165.39,cm,OK
2026-06-29 09:01:20,1,stairwell_north,1,velocity_ms,1.16,m/s,OK
2026-06-29 09:01:25,1,stairwell_north,2,temp_body,35.55,C,OK
2026-06-29 09:01:25,1,stairwell_north,2,temp_motor_FL,47.25,C,OK
2026-06-29 09:01:25,1,stairwell_north,2,temp_motor_FR,47.82,C,OK
2026-06-29 09:01:25,1,stairwell_north,2,temp_motor_RL,39.97,C,OK
2026-06-29 09:01:25,1,stairwell_north,2,temp_motor_RR,46.79,C,OK
2026-06-29 09:01:25,1,stairwell_north,2,battery_pct,87.55,%,OK
2026-06-29 09:01:25,1,stairwell_north,2,proximity_cm,121.42,cm,OK
2026-06-29 09:01:25,1,stairwell_north,2,velocity_ms,1.34,m/s,OK
2026-06-29 09:01:32,1,stairwell_north,3,temp_body,30.25,C,OK
2026-06-29 09:01:32,1,stairwell_north,3,temp_motor_FL,38.45,C,OK
2026-06-29 09:01:32,1,stairwell_north,3,temp_motor_FR,44.71,C,OK
2026-06-29 09:01:32,1,stairwell_north,3,temp_motor_RL,35.75,C,OK
2026-06-29 09:01:32,1,stairwell_north,3,temp_motor_RR,35.51,C,OK
2026-06-29 09:01:32,1,stairwell_north,3,battery_pct,87.19,%,OK
2026-06-29 09:01:32,1,stairwell_north,3,proximity_cm,35.23,cm,OK
2026-06-29 09:01:32,1,stairwell_north,3,velocity_ms,1.18,m/s,OK
2026-06-29 09:01:37,1,hallway_C,1,temp_body,28.31,C,OK
2026-06-29 09:01:37,1,hallway_C,1,temp_motor_FL,38.26,C,OK
2026-06-29 09:01:37,1,hallway_C,1,temp_motor_FR,42.85,C,OK
2026-06-29 09:01:37,1,hallway_C,1,temp_motor_RL,36.96,C,OK
2026-06-29 09:01:37,1,hallway_C,1,temp_motor_RR,42.14,C,OK
2026-06-29 09:01:37,1,hallway_C,1,battery_pct,86.85,%,OK
2026-06-29 09:01:37,1,hallway_C,1,proximity_cm,168.68,cm,OK
2026-06-29 09:01:37,1,hallway_C,1,velocity_ms,1.23,m/s,OK
2026-06-29 09:01:44,1,hallway_C,2,temp_body,32.73,C,OK
2026-06-29 09:01:44,1,hallway_C,2,temp_motor_FL,40.18,C,OK
2026-06-29 09:01:44,1,hallway_C,2,temp_motor_FR,32.36,C,OK
2026-06-29 09:01:44,1,hallway_C,2,temp_motor_RL,46.47,C,OK
2026-06-29 09:01:44,1,hallway_C,2,temp_motor_RR,38.86,C,OK
2026-06-29 09:01:44,1,hallway_C,2,battery_pct,86.43,%,OK
2026-06-29 09:01:44,1,hallway_C,2,proximity_cm,10.47,cm,OK
2026-06-29 09:01:44,1,hallway_C,2,velocity_ms,1.32,m/s,OK
2026-06-29 09:01:48,1,hallway_C,3,temp_body,37.84,C,OK
2026-06-29 09:01:48,1,hallway_C,3,temp_motor_FL,32.46,C,OK
2026-06-29 09:01:48,1,hallway_C,3,temp_motor_FR,40.07,C,OK
2026-06-29 09:01:48,1,hallway_C,3,temp_motor_RL,38.48,C,OK
2026-06-29 09:01:48,1,hallway_C,3,temp_motor_RR,51.54,C,OK
2026-06-29 09:01:48,1,hallway_C,3,battery_pct,85.79,%,OK
2026-06-29 09:01:48,1,hallway_C,3,proximity_cm,85.87,cm,OK
2026-06-29 09:01:48,1,hallway_C,3,velocity_ms,0.91,m/s,OK
2026-06-29 09:01:55,1,lab_103,1,temp_body,29.83,C,OK
2026-06-29 09:01:55,1,lab_103,1,temp_motor_FL,41.57,C,OK
2026-06-29 09:01:55,1,lab_103,1,temp_motor_FR,51.86,C,OK
2026-06-29 09:01:55,1,lab_103,1,temp_motor_RL,31.88,C,OK
2026-06-29 09:01:55,1,lab_103,1,temp_motor_RR,50.2,C,OK
2026-06-29 09:01:55,1,lab_103,1,battery_pct,85.42,%,OK
2026-06-29 09:01:55,1,lab_103,1,proximity_cm,258.95,cm,OK
2026-06-29 09:01:55,1,lab_103,1,velocity_ms,0.86,m/s,OK
2026-06-29 09:01:59,1,lab_103,2,temp_body,37.26,C,OK
2026-06-29 09:01:59,1,lab_103,2,temp_motor_FL,51.22,C,OK
2026-06-29 09:01:59,1,lab_103,2,temp_motor_FR,34.16,C,OK
2026-06-29 09:01:59,1,lab_103,2,temp_motor_RL,42.14,C,OK
2026-06-29 09:01:59,1,lab_103,2,temp_motor_RR,35.34,C,OK
2026-06-29 09:01:59,1,lab_103,2,battery_pct,84.64,%,OK
2026-06-29 09:01:59,1,lab_103,2,proximity_cm,129.3,cm,OK
2026-06-29 09:01:59,1,lab_103,2,velocity_ms,0.84,m/s,OK
2026-06-29 09:02:06,1,lab_103,3,temp_body,31.9,C,OK
2026-06-29 09:02:06,1,lab_103,3,temp_motor_FL,53.16,C,OK
2026-06-29 09:02:06,1,lab_103,3,temp_motor_FR,49.63,C,OK
2026-06-29 09:02:06,1,lab_103,3,temp_motor_RL,37.13,C,OK
2026-06-29 09:02:06,1,lab_103,3,temp_motor_RR,47.41,C,OK
2026-06-29 09:02:06,1,lab_103,3,battery_pct,84.34,%,OK
2026-06-29 09:02:06,1,lab_103,3,proximity_cm,223.19,cm,OK
2026-06-29 09:02:06,1,lab_103,3,velocity_ms,1.27,m/s,OK
2026-06-29 09:02:13,1,server_room,1,temp_body,30.97,C,OK
2026-06-29 09:02:13,1,server_room,1,temp_motor_FL,54.22,C,OK
2026-06-29 09:02:13,1,server_room,1,temp_motor_FR,44.48,C,OK
2026-06-29 09:02:13,1,server_room,1,temp_motor_RL,43.55,C,OK
2026-06-29 09:02:13,1,server_room,1,temp_motor_RR,48.7,C,OK
2026-06-29 09:02:13,1,server_room,1,battery_pct,83.96,%,OK
2026-06-29 09:02:13,1,server_room,1,proximity_cm,31.29,cm,OK
2026-06-29 09:02:13,1,server_room,1,velocity_ms,1.15,m/s,OK
2026-06-29 09:02:18,1,server_room,2,temp_body,33.08,C,OK
2026-06-29 09:02:18,1,server_room,2,temp_motor_FL,51.28,C,OK
2026-06-29 09:02:18,1,server_room,2,temp_motor_FR,31.71,C,OK
2026-06-29 09:02:18,1,server_room,2,temp_motor_RL,31.7,C,OK
2026-06-29 09:02:18,1,server_room,2,temp_motor_RR,51.55,C,OK
2026-06-29 09:02:18,1,server_room,2,battery_pct,83.63,%,OK
2026-06-29 09:02:18,1,server_room,2,proximity_cm,130.08,cm,OK
2026-06-29 09:02:18,1,server_room,2,velocity_ms,1.36,m/s,OK
2026-06-29 09:02:23,1,server_room,3,temp_body,28.4,C,OK
2026-06-29 09:02:23,1,server_room,3,temp_motor_FL,32.05,C,OK
2026-06-29 09:02:23,1,server_room,3,temp_motor_FR,46.43,C,OK
2026-06-29 09:02:23,1,server_room,3,temp_motor_RL,44.13,C,OK
2026-06-29 09:02:23,1,server_room,3,temp_motor_RR,37.91,C,OK
2026-06-29 09:02:23,1,server_room,3,battery_pct,83.04,%,OK
2026-06-29 09:02:23,1,server_room,3,proximity_cm,89.32,cm,OK
2026-06-29 09:02:23,1,server_room,3,velocity_ms,1.2,m/s,OK
2026-06-29 09:02:29,1,hallway_D,1,temp_body,31.96,C,OK
2026-06-29 09:02:29,1,hallway_D,1,temp_motor_FL,46.79,C,OK
2026-06-29 09:02:29,1,hallway_D,1,temp_motor_FR,37.5,C,OK
2026-06-29 09:02:29,1,hallway_D,1,temp_motor_RL,37.9,C,OK
2026-06-29 09:02:29,1,hallway_D,1,temp_motor_RR,48.8,C,OK
2026-06-29 09:02:29,1,hallway_D,1,battery_pct,82.62,%,OK
2026-06-29 09:02:29,1,hallway_D,1,proximity_cm,35.67,cm,OK
2026-06-29 09:02:29,1,hallway_D,1,velocity_ms,1.07,m/s,OK
2026-06-29 09:02:33,1,hallway_D,2,temp_body,30.13,C,OK
2026-06-29 09:02:33,1,hallway_D,2,temp_motor_FL,36.63,C,OK
2026-06-29 09:02:33,1,hallway_D,2,temp_motor_FR,53.33,C,OK
2026-06-29 09:02:33,1,hallway_D,2,temp_motor_RL,52.02,C,OK
2026-06-29 09:02:33,1,hallway_D,2,temp_motor_RR,51.98,C,OK
2026-06-29 09:02:33,1,hallway_D,2,battery_pct,82.29,%,OK
2026-06-29 09:02:33,1,hallway_D,2,proximity_cm,10.22,cm,OK
2026-06-29 09:02:33,1,hallway_D,2,velocity_ms,0.89,m/s,OK
2026-06-29 09:02:39,1,hallway_D,3,temp_body,37.87,C,OK
2026-06-29 09:02:39,1,hallway_D,3,temp_motor_FL,46.35,C,OK
2026-06-29 09:02:39,1,hallway_D,3,temp_motor_FR,30.2,C,OK
2026-06-29 09:02:39,1,hallway_D,3,temp_motor_RL,50.43,C,OK
2026-06-29 09:02:39,1,hallway_D,3,temp_motor_RR,37.48,C,OK
2026-06-29 09:02:39,1,hallway_D,3,battery_pct,81.68,%,OK
2026-06-29 09:02:39,1,hallway_D,3,proximity_cm,204.07,cm,OK
2026-06-29 09:02:39,1,hallway_D,3,velocity_ms,1.36,m/s,OK
2026-06-29 09:02:44,1,exit_loading_dock,1,temp_body,36.9,C,OK
2026-06-29 09:02:44,1,exit_loading_dock,1,temp_motor_FL,48.56,C,OK
2026-06-29 09:02:44,1,exit_loading_dock,1,temp_motor_FR,33.89,C,OK
2026-06-29 09:02:44,1,exit_loading_dock,1,temp_motor_RL,37.04,C,OK
2026-06-29 09:02:44,1,exit_loading_dock,1,temp_motor_RR,35.27,C,OK
2026-06-29 09:02:44,1,exit_loading_dock,1,battery_pct,81.25,%,OK
2026-06-29 09:02:44,1,exit_loading_dock,1,proximity_cm,112.72,cm,OK
2026-06-29 09:02:44,1,exit_loading_dock,1,velocity_ms,1.21,m/s,OK
2026-06-29 09:02:50,1,exit_loading_dock,2,temp_body,30.51,C,OK
2026-06-29 09:02:50,1,exit_loading_dock,2,temp_motor_FL,52.7,C,OK
2026-06-29 09:02:50,1,exit_loading_dock,2,temp_motor_FR,31.27,C,OK
2026-06-29 09:02:50,1,exit_loading_dock,2,temp_motor_RL,45.86,C,OK
2026-06-29 09:02:50,1,exit_loading_dock,2,temp_motor_RR,50.73,C,OK
2026-06-29 09:02:50,1,exit_loading_dock,2,battery_pct,80.7,%,OK
2026-06-29 09:02:50,1,exit_loading_dock,2,proximity_cm,27.56,cm,OK
2026-06-29 09:02:50,1,exit_loading_dock,2,velocity_ms,1.0,m/s,OK
2026-06-29 09:02:55,1,exit_loading_dock,3,temp_body,30.62,C,OK
2026-06-29 09:02:55,1,exit_loading_dock,3,temp_motor_FL,48.53,C,OK
2026-06-29 09:02:55,1,exit_loading_dock,3,temp_motor_FR,43.79,C,OK
2026-06-29 09:02:55,1,exit_loading_dock,3,temp_motor_RL,40.69,C,OK
2026-06-29 09:02:55,1,exit_loading_dock,3,temp_motor_RR,30.24,C,OK
2026-06-29 09:02:55,1,exit_loading_dock,3,battery_pct,80.08,%,OK
2026-06-29 09:02:55,1,exit_loading_dock,3,proximity_cm,36.44,cm,OK
2026-06-29 09:02:55,1,exit_loading_dock,3,velocity_ms,1.33,m/s,OK
2026-06-29 09:03:00,2,entrance_lobby,1,temp_body,36.35,C,OK
2026-06-29 09:03:00,2,entrance_lobby,1,temp_motor_FL,44.56,C,OK
2026-06-29 09:03:00,2,entrance_lobby,1,temp_motor_FR,33.7,C,OK
2026-06-29 09:03:00,2,entrance_lobby,1,temp_motor_RL,33.19,C,OK
2026-06-29 09:03:00,2,entrance_lobby,1,temp_motor_RR,37.71,C,OK
2026-06-29 09:03:00,2,entrance_lobby,1,battery_pct,79.51,%,OK
2026-06-29 09:03:00,2,entrance_lobby,1,proximity_cm,271.21,cm,OK
2026-06-29 09:03:00,2,entrance_lobby,1,velocity_ms,1.28,m/s,OK
2026-06-29 09:03:04,2,entrance_lobby,2,temp_body,30.1,C,OK
2026-06-29 09:03:04,2,entrance_lobby,2,temp_motor_FL,36.24,C,OK
2026-06-29 09:03:04,2,entrance_lobby,2,temp_motor_FR,32.57,C,OK
2026-06-29 09:03:04,2,entrance_lobby,2,temp_motor_RL,49.5,C,OK
2026-06-29 09:03:04,2,entrance_lobby,2,temp_motor_RR,52.1,C,OK
2026-06-29 09:03:04,2,entrance_lobby,2,battery_pct,78.76,%,OK
2026-06-29 09:03:04,2,entrance_lobby,2,proximity_cm,130.82,cm,OK
2026-06-29 09:03:04,2,entrance_lobby,2,velocity_ms,1.17,m/s,OK
2026-06-29 09:03:09,2,entrance_lobby,3,temp_body,30.37,C,OK
2026-06-29 09:03:09,2,entrance_lobby,3,temp_motor_FL,34.06,C,OK
2026-06-29 09:03:09,2,entrance_lobby,3,temp_motor_FR,50.0,C,OK
2026-06-29 09:03:09,2,entrance_lobby,3,temp_motor_RL,34.43,C,OK
2026-06-29 09:03:09,2,entrance_lobby,3,temp_motor_RR,40.31,C,OK
2026-06-29 09:03:09,2,entrance_lobby,3,battery_pct,77.99,%,OK
2026-06-29 09:03:09,2,entrance_lobby,3,proximity_cm,66.12,cm,OK
2026-06-29 09:03:09,2,entrance_lobby,3,velocity_ms,1.35,m/s,OK
2026-06-29 09:03:16,2,hallway_A,1,temp_body,36.64,C,OK
2026-06-29 09:03:16,2,hallway_A,1,temp_motor_FL,50.27,C,OK
2026-06-29 09:03:16,2,hallway_A,1,temp_motor_FR,36.67,C,OK
2026-06-29 09:03:16,2,hallway_A,1,temp_motor_RL,49.68,C,OK
2026-06-29 09:03:16,2,hallway_A,1,temp_motor_RR,32.7,C,OK
2026-06-29 09:03:16,2,hallway_A,1,battery_pct,77.29,%,OK
2026-06-29 09:03:16,2,hallway_A,1,proximity_cm,263.57,cm,OK
2026-06-29 09:03:16,2,hallway_A,1,velocity_ms,1.32,m/s,OK
2026-06-29 09:03:21,2,hallway_A,2,temp_body,37.18,C,OK
2026-06-29 09:03:21,2,hallway_A,2,temp_motor_FL,38.74,C,OK
2026-06-29 09:03:21,2,hallway_A,2,temp_motor_FR,50.51,C,OK
2026-06-29 09:03:21,2,hallway_A,2,temp_motor_RL,51.78,C,OK
2026-06-29 09:03:21,2,hallway_A,2,temp_motor_RR,35.57,C,OK
2026-06-29 09:03:21,2,hallway_A,2,battery_pct,76.89,%,OK
2026-06-29 09:03:21,2,hallway_A,2,proximity_cm,11.96,cm,OK
2026-06-29 09:03:21,2,hallway_A,2,velocity_ms,1.04,m/s,OK
2026-06-29 09:03:27,2,hallway_A,3,temp_body,37.67,C,OK
2026-06-29 09:03:27,2,hallway_A,3,temp_motor_FL,36.98,C,OK
2026-06-29 09:03:27,2,hallway_A,3,temp_motor_FR,46.04,C,OK
2026-06-29 09:03:27,2,hallway_A,3,temp_motor_RL,39.99,C,OK
2026-06-29 09:03:27,2,hallway_A,3,temp_motor_RR,54.53,C,OK
2026-06-29 09:03:27,2,hallway_A,3,battery_pct,76.16,%,OK
2026-06-29 09:03:27,2,hallway_A,3,proximity_cm,167.82,cm,OK
2026-06-29 09:03:27,2,hallway_A,3,velocity_ms,1.36,m/s,OK
2026-06-29 09:03:31,2,lab_101,1,temp_body,30.61,C,OK
2026-06-29 09:03:31,2,lab_101,1,temp_motor_FL,44.51,C,OK
2026-06-29 09:03:31,2,lab_101,1,temp_motor_FR,54.59,C,OK
2026-06-29 09:03:31,2,lab_101,1,temp_motor_RL,30.96,C,OK
2026-06-29 09:03:31,2,lab_101,1,temp_motor_RR,44.91,C,OK
2026-06-29 09:03:31,2,lab_101,1,battery_pct,75.42,%,OK
2026-06-29 09:03:31,2,lab_101,1,proximity_cm,113.52,cm,OK
2026-06-29 09:03:31,2,lab_101,1,velocity_ms,1.27,m/s,OK
2026-06-29 09:03:38,2,lab_101,2,temp_body,33.11,C,OK
2026-06-29 09:03:38,2,lab_101,2,temp_motor_FL,39.63,C,OK
2026-06-29 09:03:38,2,lab_101,2,temp_motor_FR,44.41,C,OK
2026-06-29 09:03:38,2,lab_101,2,temp_motor_RL,36.37,C,OK
2026-06-29 09:03:38,2,lab_101,2,temp_motor_RR,47.72,C,OK
2026-06-29 09:03:38,2,lab_101,2,battery_pct,74.82,%,OK
2026-06-29 09:03:38,2,lab_101,2,proximity_cm,15.48,cm,OK
2026-06-29 09:03:38,2,lab_101,2,velocity_ms,1.36,m/s,OK
2026-06-29 09:03:43,2,lab_101,3,temp_body,28.7,C,OK
2026-06-29 09:03:43,2,lab_101,3,temp_motor_FL,46.61,C,OK
2026-06-29 09:03:43,2,lab_101,3,temp_motor_FR,38.26,C,OK
2026-06-29 09:03:43,2,lab_101,3,temp_motor_RL,37.85,C,OK
2026-06-29 09:03:43,2,lab_101,3,temp_motor_RR,51.2,C,OK
2026-06-29 09:03:43,2,lab_101,3,battery_pct,74.34,%,OK
2026-06-29 09:03:43,2,lab_101,3,proximity_cm,220.13,cm,OK
2026-06-29 09:03:43,2,lab_101,3,velocity_ms,0.98,m/s,OK
2026-06-29 09:03:49,2,hallway_B,1,temp_body,31.26,C,OK
2026-06-29 09:03:49,2,hallway_B,1,temp_motor_FL,47.43,C,OK
2026-06-29 09:03:49,2,hallway_B,1,temp_motor_FR,43.86,C,OK
2026-06-29 09:03:49,2,hallway_B,1,temp_motor_RL,34.8,C,OK
2026-06-29 09:03:49,2,hallway_B,1,temp_motor_RR,46.62,C,OK
2026-06-29 09:03:49,2,hallway_B,1,battery_pct,73.7,%,OK
2026-06-29 09:03:49,2,hallway_B,1,proximity_cm,123.06,cm,OK
2026-06-29 09:03:49,2,hallway_B,1,velocity_ms,1.25,m/s,OK
2026-06-29 09:03:54,2,hallway_B,2,temp_body,31.01,C,OK
2026-06-29 09:03:54,2,hallway_B,2,temp_motor_FL,43.7,C,OK
2026-06-29 09:03:54,2,hallway_B,2,temp_motor_FR,30.01,C,OK
2026-06-29 09:03:54,2,hallway_B,2,temp_motor_RL,37.17,C,OK
2026-06-29 09:03:54,2,hallway_B,2,temp_motor_RR,40.75,C,OK
2026-06-29 09:03:54,2,hallway_B,2,battery_pct,73.09,%,OK
2026-06-29 09:03:54,2,hallway_B,2,proximity_cm,11.48,cm,OK
2026-06-29 09:03:54,2,hallway_B,2,velocity_ms,1.19,m/s,OK
2026-06-29 09:04:01,2,hallway_B,3,temp_body,34.76,C,OK
2026-06-29 09:04:01,2,hallway_B,3,temp_motor_FL,42.78,C,OK
2026-06-29 09:04:01,2,hallway_B,3,temp_motor_FR,49.84,C,OK
2026-06-29 09:04:01,2,hallway_B,3,temp_motor_RL,54.0,C,OK
2026-06-29 09:04:01,2,hallway_B,3,temp_motor_RR,48.4,C,OK
2026-06-29 09:04:01,2,hallway_B,3,battery_pct,72.57,%,OK
2026-06-29 09:04:01,2,hallway_B,3,proximity_cm,202.77,cm,OK
2026-06-29 09:04:01,2,hallway_B,3,velocity_ms,0.97,m/s,OK
2026-06-29 09:04:07,2,lab_102,1,temp_body,37.52,C,OK
2026-06-29 09:04:07,2,lab_102,1,temp_motor_FL,35.87,C,OK
2026-06-29 09:04:07,2,lab_102,1,temp_motor_FR,37.76,C,OK
2026-06-29 09:04:07,2,lab_102,1,temp_motor_RL,50.16,C,OK
2026-06-29 09:04:07,2,lab_102,1,temp_motor_RR,33.68,C,OK
2026-06-29 09:04:07,2,lab_102,1,battery_pct,72.23,%,OK
2026-06-29 09:04:07,2,lab_102,1,proximity_cm,28.17,cm,OK
2026-06-29 09:04:07,2,lab_102,1,velocity_ms,1.39,m/s,OK
2026-06-29 09:04:11,2,lab_102,2,temp_body,36.86,C,OK
2026-06-29 09:04:11,2,lab_102,2,temp_motor_FL,44.39,C,OK
2026-06-29 09:04:11,2,lab_102,2,temp_motor_FR,47.96,C,OK
2026-06-29 09:04:11,2,lab_102,2,temp_motor_RL,39.6,C,OK
2026-06-29 09:04:11,2,lab_102,2,temp_motor_RR,39.99,C,OK
2026-06-29 09:04:11,2,lab_102,2,battery_pct,71.7,%,OK
2026-06-29 09:04:11,2,lab_102,2,proximity_cm,57.06,cm,OK
2026-06-29 09:04:11,2,lab_102,2,velocity_ms,1.21,m/s,OK
2026-06-29 09:04:15,2,lab_102,3,temp_body,30.19,C,OK
2026-06-29 09:04:15,2,lab_102,3,temp_motor_FL,50.1,C,OK
2026-06-29 09:04:15,2,lab_102,3,temp_motor_FR,47.4,C,OK
2026-06-29 09:04:15,2,lab_102,3,temp_motor_RL,41.61,C,OK
2026-06-29 09:04:15,2,lab_102,3,temp_motor_RR,43.94,C,OK
2026-06-29 09:04:15,2,lab_102,3,battery_pct,71.01,%,OK
2026-06-29 09:04:15,2,lab_102,3,proximity_cm,276.48,cm,OK
2026-06-29 09:04:15,2,lab_102,3,velocity_ms,0.87,m/s,OK
2026-06-29 09:04:20,2,stairwell_north,1,temp_body,34.68,C,OK
2026-06-29 09:04:20,2,stairwell_north,1,temp_motor_FL,54.7,C,OK
2026-06-29 09:04:20,2,stairwell_north,1,temp_motor_FR,44.89,C,OK
2026-06-29 09:04:20,2,stairwell_north,1,temp_motor_RL,53.75,C,OK
2026-06-29 09:04:20,2,stairwell_north,1,temp_motor_RR,52.29,C,OK
2026-06-29 09:04:20,2,stairwell_north,1,battery_pct,70.31,%,OK
2026-06-29 09:04:20,2,stairwell_north,1,proximity_cm,189.61,cm,OK
2026-06-29 09:04:20,2,stairwell_north,1,velocity_ms,1.23,m/s,OK
2026-06-29 09:04:27,2,stairwell_north,2,temp_body,33.48,C,OK
2026-06-29 09:04:27,2,stairwell_north,2,temp_motor_FL,52.43,C,OK
2026-06-29 09:04:27,2,stairwell_north,2,temp_motor_FR,48.59,C,OK
2026-06-29 09:04:27,2,stairwell_north,2,temp_motor_RL,41.87,C,OK
2026-06-29 09:04:27,2,stairwell_north,2,temp_motor_RR,36.48,C,OK
2026-06-29 09:04:27,2,stairwell_north,2,battery_pct,69.59,%,OK
2026-06-29 09:04:27,2,stairwell_north,2,proximity_cm,85.46,cm,OK
2026-06-29 09:04:27,2,stairwell_north,2,velocity_ms,1.18,m/s,OK
2026-06-29 09:04:34,2,stairwell_north,3,temp_body,30.75,C,OK
2026-06-29 09:04:34,2,stairwell_north,3,temp_motor_FL,31.94,C,OK
2026-06-29 09:04:34,2,stairwell_north,3,temp_motor_FR,37.14,C,OK
2026-06-29 09:04:34,2,stairwell_north,3,temp_motor_RL,36.79,C,OK
2026-06-29 09:04:34,2,stairwell_north,3,temp_motor_RR,37.99,C,OK
2026-06-29 09:04:34,2,stairwell_north,3,battery_pct,68.98,%,OK
2026-06-29 09:04:34,2,stairwell_north,3,proximity_cm,168.94,cm,OK
2026-06-29 09:04:34,2,stairwell_north,3,velocity_ms,0.88,m/s,OK
2026-06-29 09:04:39,2,hallway_C,1,temp_body,29.53,C,OK
2026-06-29 09:04:39,2,hallway_C,1,temp_motor_FL,35.35,C,OK
2026-06-29 09:04:39,2,hallway_C,1,temp_motor_FR,40.37,C,OK
2026-06-29 09:04:39,2,hallway_C,1,temp_motor_RL,38.27,C,OK
2026-06-29 09:04:39,2,hallway_C,1,temp_motor_RR,41.65,C,OK
2026-06-29 09:04:39,2,hallway_C,1,battery_pct,68.49,%,OK
2026-06-29 09:04:39,2,hallway_C,1,proximity_cm,32.75,cm,OK
2026-06-29 09:04:39,2,hallway_C,1,velocity_ms,1.3,m/s,OK
2026-06-29 09:04:46,2,hallway_C,2,temp_body,33.84,C,OK
2026-06-29 09:04:46,2,hallway_C,2,temp_motor_FL,47.39,C,OK
2026-06-29 09:04:46,2,hallway_C,2,temp_motor_FR,51.42,C,OK
2026-06-29 09:04:46,2,hallway_C,2,temp_motor_RL,49.14,C,OK
2026-06-29 09:04:46,2,hallway_C,2,temp_motor_RR,39.51,C,OK
2026-06-29 09:04:46,2,hallway_C,2,battery_pct,67.74,%,OK
2026-06-29 09:04:46,2,hallway_C,2,proximity_cm,8.04,cm,FAULT_LOW
2026-06-29 09:04:46,2,hallway_C,2,velocity_ms,1.01,m/s,OK
2026-06-29 09:04:53,2,hallway_C,3,temp_body,37.53,C,OK
2026-06-29 09:04:53,2,hallway_C,3,temp_motor_FL,40.48,C,OK
2026-06-29 09:04:53,2,hallway_C,3,temp_motor_FR,48.69,C,OK
2026-06-29 09:04:53,2,hallway_C,3,temp_motor_RL,43.65,C,OK
2026-06-29 09:04:53,2,hallway_C,3,temp_motor_RR,45.08,C,OK
2026-06-29 09:04:53,2,hallway_C,3,battery_pct,67.01,%,OK
2026-06-29 09:04:53,2,hallway_C,3,proximity_cm,77.85,cm,OK
2026-06-29 09:04:53,2,hallway_C,3,velocity_ms,0.93,m/s,OK
2026-06-29 09:05:00,2,lab_103,1,temp_body,31.89,C,OK
2026-06-29 09:05:00,2,lab_103,1,temp_motor_FL,46.72,C,OK
2026-06-29 09:05:00,2,lab_103,1,temp_motor_FR,49.95,C,OK
2026-06-29 09:05:00,2,lab_103,1,temp_motor_RL,48.1,C,OK
2026-06-29 09:05:00,2,lab_103,1,temp_motor_RR,51.01,C,OK
2026-06-29 09:05:00,2,lab_103,1,battery_pct,66.47,%,OK
2026-06-29 09:05:00,2,lab_103,1,proximity_cm,277.07,cm,OK
2026-06-29 09:05:00,2,lab_103,1,velocity_ms,1.39,m/s,OK
2026-06-29 09:05:04,2,lab_103,2,temp_body,33.92,C,OK
2026-06-29 09:05:04,2,lab_103,2,temp_motor_FL,46.57,C,OK
2026-06-29 09:05:04,2,lab_103,2,temp_motor_FR,32.1,C,OK
2026-06-29 09:05:04,2,lab_103,2,temp_motor_RL,40.72,C,OK
2026-06-29 09:05:04,2,lab_103,2,temp_motor_RR,51.67,C,OK
2026-06-29 09:05:04,2,lab_103,2,battery_pct,65.71,%,OK
2026-06-29 09:05:04,2,lab_103,2,proximity_cm,66.79,cm,OK
2026-06-29 09:05:04,2,lab_103,2,velocity_ms,0.96,m/s,OK
2026-06-29 09:05:10,2,lab_103,3,temp_body,31.27,C,OK
2026-06-29 09:05:10,2,lab_103,3,temp_motor_FL,49.03,C,OK
2026-06-29 09:05:10,2,lab_103,3,temp_motor_FR,39.48,C,OK
2026-06-29 09:05:10,2,lab_103,3,temp_motor_RL,48.8,C,OK
2026-06-29 09:05:10,2,lab_103,3,temp_motor_RR,50.8,C,OK
2026-06-29 09:05:10,2,lab_103,3,battery_pct,65.31,%,OK
2026-06-29 09:05:10,2,lab_103,3,proximity_cm,86.9,cm,OK
2026-06-29 09:05:10,2,lab_103,3,velocity_ms,0.85,m/s,OK
2026-06-29 09:05:14,2,server_room,1,temp_body,28.52,C,OK
2026-06-29 09:05:14,2,server_room,1,temp_motor_FL,69.62,C,FAULT_HIGH
2026-06-29 09:05:14,2,server_room,1,temp_motor_FR,63.79,C,OK
2026-06-29 09:05:14,2,server_room,1,temp_motor_RL,62.55,C,OK
2026-06-29 09:05:14,2,server_room,1,temp_motor_RR,69.66,C,FAULT_HIGH
2026-06-29 09:05:14,2,server_room,1,battery_pct,64.63,%,OK
2026-06-29 09:05:14,2,server_room,1,proximity_cm,26.47,cm,OK
2026-06-29 09:05:14,2,server_room,1,velocity_ms,0.82,m/s,OK
2026-06-29 09:05:19,2,server_room,2,temp_body,28.2,C,OK
2026-06-29 09:05:19,2,server_room,2,temp_motor_FL,63.22,C,OK
2026-06-29 09:05:19,2,server_room,2,temp_motor_FR,63.01,C,OK
2026-06-29 09:05:19,2,server_room,2,temp_motor_RL,67.36,C,FAULT_HIGH
2026-06-29 09:05:19,2,server_room,2,temp_motor_RR,66.51,C,FAULT_HIGH
2026-06-29 09:05:19,2,server_room,2,battery_pct,64.23,%,OK
2026-06-29 09:05:19,2,server_room,2,proximity_cm,77.12,cm,OK
2026-06-29 09:05:19,2,server_room,2,velocity_ms,1.22,m/s,OK
2026-06-29 09:05:25,2,server_room,3,temp_body,34.07,C,OK
2026-06-29 09:05:25,2,server_room,3,temp_motor_FL,67.98,C,FAULT_HIGH
2026-06-29 09:05:25,2,server_room,3,temp_motor_FR,62.92,C,OK
2026-06-29 09:05:25,2,server_room,3,temp_motor_RL,68.55,C,FAULT_HIGH
2026-06-29 09:05:25,2,server_room,3,temp_motor_RR,69.72,C,FAULT_HIGH
2026-06-29 09:05:25,2,server_room,3,battery_pct,63.85,%,OK
2026-06-29 09:05:25,2,server_room,3,proximity_cm,45.81,cm,OK
2026-06-29 09:05:25,2,server_room,3,velocity_ms,0.82,m/s,OK
2026-06-29 09:05:31,2,hallway_D,1,temp_body,37.08,C,OK
2026-06-29 09:05:31,2,hallway_D,1,temp_motor_FL,39.38,C,OK
2026-06-29 09:05:31,2,hallway_D,1,temp_motor_FR,53.54,C,OK
2026-06-29 09:05:31,2,hallway_D,1,temp_motor_RL,34.96,C,OK
2026-06-29 09:05:31,2,hallway_D,1,temp_motor_RR,44.8,C,OK
2026-06-29 09:05:31,2,hallway_D,1,battery_pct,63.26,%,OK
2026-06-29 09:05:31,2,hallway_D,1,proximity_cm,251.71,cm,OK
2026-06-29 09:05:31,2,hallway_D,1,velocity_ms,0.95,m/s,OK
2026-06-29 09:05:37,2,hallway_D,2,temp_body,34.0,C,OK
2026-06-29 09:05:37,2,hallway_D,2,temp_motor_FL,33.03,C,OK
2026-06-29 09:05:37,2,hallway_D,2,temp_motor_FR,54.6,C,OK
2026-06-29 09:05:37,2,hallway_D,2,temp_motor_RL,49.57,C,OK
2026-06-29 09:05:37,2,hallway_D,2,temp_motor_RR,38.68,C,OK
2026-06-29 09:05:37,2,hallway_D,2,battery_pct,62.54,%,OK
2026-06-29 09:05:37,2,hallway_D,2,proximity_cm,10.57,cm,OK
2026-06-29 09:05:37,2,hallway_D,2,velocity_ms,1.02,m/s,OK
2026-06-29 09:05:43,2,hallway_D,3,temp_body,32.2,C,OK
2026-06-29 09:05:43,2,hallway_D,3,temp_motor_FL,42.26,C,OK
2026-06-29 09:05:43,2,hallway_D,3,temp_motor_FR,40.84,C,OK
2026-06-29 09:05:43,2,hallway_D,3,temp_motor_RL,39.05,C,OK
2026-06-29 09:05:43,2,hallway_D,3,temp_motor_RR,52.29,C,OK
2026-06-29 09:05:43,2,hallway_D,3,battery_pct,62.23,%,OK
2026-06-29 09:05:43,2,hallway_D,3,proximity_cm,146.03,cm,OK
2026-06-29 09:05:43,2,hallway_D,3,velocity_ms,0.89,m/s,OK
2026-06-29 09:05:48,2,exit_loading_dock,1,temp_body,37.65,C,OK
2026-06-29 09:05:48,2,exit_loading_dock,1,temp_motor_FL,36.75,C,OK
2026-06-29 09:05:48,2,exit_loading_dock,1,temp_motor_FR,50.2,C,OK
2026-06-29 09:05:48,2,exit_loading_dock,1,temp_motor_RL,43.45,C,OK
2026-06-29 09:05:48,2,exit_loading_dock,1,temp_motor_RR,42.09,C,OK
2026-06-29 09:05:48,2,exit_loading_dock,1,battery_pct,61.56,%,OK
2026-06-29 09:05:48,2,exit_loading_dock,1,proximity_cm,139.14,cm,OK
2026-06-29 09:05:48,2,exit_loading_dock,1,velocity_ms,1.24,m/s,OK
2026-06-29 09:05:54,2,exit_loading_dock,2,temp_body,30.45,C,OK
2026-06-29 09:05:54,2,exit_loading_dock,2,temp_motor_FL,53.37,C,OK
2026-06-29 09:05:54,2,exit_loading_dock,2,temp_motor_FR,36.97,C,OK
2026-06-29 09:05:54,2,exit_loading_dock,2,temp_motor_RL,41.27,C,OK
2026-06-29 09:05:54,2,exit_loading_dock,2,temp_motor_RR,48.76,C,OK
2026-06-29 09:05:54,2,exit_loading_dock,2,battery_pct,61.1,%,OK
2026-06-29 09:05:54,2,exit_loading_dock,2,proximity_cm,177.41,cm,OK
2026-06-29 09:05:54,2,exit_loading_dock,2,velocity_ms,1.2,m/s,OK
2026-06-29 09:06:00,2,exit_loading_dock,3,temp_body,36.51,C,OK
2026-06-29 09:06:00,2,exit_loading_dock,3,temp_motor_FL,34.55,C,OK
2026-06-29 09:06:00,2,exit_loading_dock,3,temp_motor_FR,35.3,C,OK
2026-06-29 09:06:00,2,exit_loading_dock,3,temp_motor_RL,49.95,C,OK
2026-06-29 09:06:00,2,exit_loading_dock,3,temp_motor_RR,38.51,C,OK
2026-06-29 09:06:00,2,exit_loading_dock,3,battery_pct,60.79,%,OK
2026-06-29 09:06:00,2,exit_loading_dock,3,proximity_cm,265.89,cm,OK
2026-06-29 09:06:00,2,exit_loading_dock,3,velocity_ms,1.22,m/s,OK
2026-06-29 09:06:06,3,entrance_lobby,1,temp_body,33.17,C,OK
2026-06-29 09:06:06,3,entrance_lobby,1,temp_motor_FL,34.78,C,OK
2026-06-29 09:06:06,3,entrance_lobby,1,temp_motor_FR,36.03,C,OK
2026-06-29 09:06:06,3,entrance_lobby,1,temp_motor_RL,40.16,C,OK
2026-06-29 09:06:06,3,entrance_lobby,1,temp_motor_RR,43.88,C,OK
2026-06-29 09:06:06,3,entrance_lobby,1,battery_pct,60.21,%,OK
2026-06-29 09:06:06,3,entrance_lobby,1,proximity_cm,83.49,cm,OK
2026-06-29 09:06:06,3,entrance_lobby,1,velocity_ms,1.09,m/s,OK
2026-06-29 09:06:13,3,entrance_lobby,2,temp_body,28.17,C,OK
2026-06-29 09:06:13,3,entrance_lobby,2,temp_motor_FL,37.36,C,OK
2026-06-29 09:06:13,3,entrance_lobby,2,temp_motor_FR,40.11,C,OK
2026-06-29 09:06:13,3,entrance_lobby,2,temp_motor_RL,36.08,C,OK
2026-06-29 09:06:13,3,entrance_lobby,2,temp_motor_RR,46.6,C,OK
2026-06-29 09:06:13,3,entrance_lobby,2,battery_pct,59.69,%,OK
2026-06-29 09:06:13,3,entrance_lobby,2,proximity_cm,120.17,cm,OK
2026-06-29 09:06:13,3,entrance_lobby,2,velocity_ms,1.13,m/s,OK
2026-06-29 09:06:19,3,entrance_lobby,3,temp_body,35.46,C,OK
2026-06-29 09:06:19,3,entrance_lobby,3,temp_motor_FL,38.27,C,OK
2026-06-29 09:06:19,3,entrance_lobby,3,temp_motor_FR,47.57,C,OK
2026-06-29 09:06:19,3,entrance_lobby,3,temp_motor_RL,36.77,C,OK
2026-06-29 09:06:19,3,entrance_lobby,3,temp_motor_RR,36.29,C,OK
2026-06-29 09:06:19,3,entrance_lobby,3,battery_pct,59.17,%,OK
2026-06-29 09:06:19,3,entrance_lobby,3,proximity_cm,49.39,cm,OK
2026-06-29 09:06:19,3,entrance_lobby,3,velocity_ms,0.92,m/s,OK
2026-06-29 09:06:23,3,hallway_A,1,temp_body,37.51,C,OK
2026-06-29 09:06:23,3,hallway_A,1,temp_motor_FL,47.25,C,OK
2026-06-29 09:06:23,3,hallway_A,1,temp_motor_FR,34.79,C,OK
2026-06-29 09:06:23,3,hallway_A,1,temp_motor_RL,48.47,C,OK
2026-06-29 09:06:23,3,hallway_A,1,temp_motor_RR,36.91,C,OK
2026-06-29 09:06:23,3,hallway_A,1,battery_pct,58.5,%,OK
2026-06-29 09:06:23,3,hallway_A,1,proximity_cm,183.03,cm,OK
2026-06-29 09:06:23,3,hallway_A,1,velocity_ms,1.26,m/s,OK
2026-06-29 09:06:29,3,hallway_A,2,temp_body,36.33,C,OK
2026-06-29 09:06:29,3,hallway_A,2,temp_motor_FL,37.41,C,OK
2026-06-29 09:06:29,3,hallway_A,2,temp_motor_FR,39.02,C,OK
2026-06-29 09:06:29,3,hallway_A,2,temp_motor_RL,37.56,C,OK
2026-06-29 09:06:29,3,hallway_A,2,temp_motor_RR,47.7,C,OK
2026-06-29 09:06:29,3,hallway_A,2,battery_pct,57.71,%,OK
2026-06-29 09:06:29,3,hallway_A,2,proximity_cm,8.76,cm,FAULT_LOW
2026-06-29 09:06:29,3,hallway_A,2,velocity_ms,0.83,m/s,OK
2026-06-29 09:06:33,3,hallway_A,3,temp_body,34.97,C,OK
2026-06-29 09:06:33,3,hallway_A,3,temp_motor_FL,33.16,C,OK
2026-06-29 09:06:33,3,hallway_A,3,temp_motor_FR,51.71,C,OK
2026-06-29 09:06:33,3,hallway_A,3,temp_motor_RL,42.27,C,OK
2026-06-29 09:06:33,3,hallway_A,3,temp_motor_RR,51.82,C,OK
2026-06-29 09:06:33,3,hallway_A,3,battery_pct,57.14,%,OK
2026-06-29 09:06:33,3,hallway_A,3,proximity_cm,178.61,cm,OK
2026-06-29 09:06:33,3,hallway_A,3,velocity_ms,1.08,m/s,OK
2026-06-29 09:06:40,3,lab_101,1,temp_body,37.65,C,OK
2026-06-29 09:06:40,3,lab_101,1,temp_motor_FL,36.31,C,OK
2026-06-29 09:06:40,3,lab_101,1,temp_motor_FR,51.54,C,OK
2026-06-29 09:06:40,3,lab_101,1,temp_motor_RL,32.85,C,OK
2026-06-29 09:06:40,3,lab_101,1,temp_motor_RR,31.63,C,OK
2026-06-29 09:06:40,3,lab_101,1,battery_pct,56.66,%,OK
2026-06-29 09:06:40,3,lab_101,1,proximity_cm,155.15,cm,OK
2026-06-29 09:06:40,3,lab_101,1,velocity_ms,1.15,m/s,OK
2026-06-29 09:06:44,3,lab_101,2,temp_body,36.11,C,OK
2026-06-29 09:06:44,3,lab_101,2,temp_motor_FL,53.73,C,OK
2026-06-29 09:06:44,3,lab_101,2,temp_motor_FR,32.13,C,OK
2026-06-29 09:06:44,3,lab_101,2,temp_motor_RL,36.2,C,OK
2026-06-29 09:06:44,3,lab_101,2,temp_motor_RR,43.95,C,OK
2026-06-29 09:06:44,3,lab_101,2,battery_pct,56.29,%,OK
2026-06-29 09:06:44,3,lab_101,2,proximity_cm,133.61,cm,OK
2026-06-29 09:06:44,3,lab_101,2,velocity_ms,1.16,m/s,OK
2026-06-29 09:06:49,3,lab_101,3,temp_body,31.8,C,OK
2026-06-29 09:06:49,3,lab_101,3,temp_motor_FL,52.71,C,OK
2026-06-29 09:06:49,3,lab_101,3,temp_motor_FR,37.43,C,OK
2026-06-29 09:06:49,3,lab_101,3,temp_motor_RL,44.71,C,OK
2026-06-29 09:06:49,3,lab_101,3,temp_motor_RR,40.72,C,OK
2026-06-29 09:06:49,3,lab_101,3,battery_pct,55.6,%,OK
2026-06-29 09:06:49,3,lab_101,3,proximity_cm,177.06,cm,OK
2026-06-29 09:06:49,3,lab_101,3,velocity_ms,0.84,m/s,OK
2026-06-29 09:06:53,3,hallway_B,1,temp_body,30.08,C,OK
2026-06-29 09:06:53,3,hallway_B,1,temp_motor_FL,35.28,C,OK
2026-06-29 09:06:53,3,hallway_B,1,temp_motor_FR,46.51,C,OK
2026-06-29 09:06:53,3,hallway_B,1,temp_motor_RL,33.93,C,OK
2026-06-29 09:06:53,3,hallway_B,1,temp_motor_RR,34.35,C,OK
2026-06-29 09:06:53,3,hallway_B,1,battery_pct,54.83,%,OK
2026-06-29 09:06:53,3,hallway_B,1,proximity_cm,36.39,cm,OK
2026-06-29 09:06:53,3,hallway_B,1,velocity_ms,0.8,m/s,OK
2026-06-29 09:07:00,3,hallway_B,2,temp_body,32.7,C,OK
2026-06-29 09:07:00,3,hallway_B,2,temp_motor_FL,30.82,C,OK
2026-06-29 09:07:00,3,hallway_B,2,temp_motor_FR,37.2,C,OK
2026-06-29 09:07:00,3,hallway_B,2,temp_motor_RL,37.07,C,OK
2026-06-29 09:07:00,3,hallway_B,2,temp_motor_RR,51.49,C,OK
2026-06-29 09:07:00,3,hallway_B,2,battery_pct,54.18,%,OK
2026-06-29 09:07:00,3,hallway_B,2,proximity_cm,8.43,cm,FAULT_LOW
2026-06-29 09:07:00,3,hallway_B,2,velocity_ms,0.94,m/s,OK
2026-06-29 09:07:06,3,hallway_B,3,temp_body,34.25,C,OK
2026-06-29 09:07:06,3,hallway_B,3,temp_motor_FL,46.53,C,OK
2026-06-29 09:07:06,3,hallway_B,3,temp_motor_FR,53.34,C,OK
2026-06-29 09:07:06,3,hallway_B,3,temp_motor_RL,40.63,C,OK
2026-06-29 09:07:06,3,hallway_B,3,temp_motor_RR,43.61,C,OK
2026-06-29 09:07:06,3,hallway_B,3,battery_pct,53.49,%,OK
2026-06-29 09:07:06,3,hallway_B,3,proximity_cm,199.58,cm,OK
2026-06-29 09:07:06,3,hallway_B,3,velocity_ms,1.35,m/s,OK
2026-06-29 09:07:11,3,lab_102,1,temp_body,29.66,C,OK
2026-06-29 09:07:11,3,lab_102,1,temp_motor_FL,37.69,C,OK
2026-06-29 09:07:11,3,lab_102,1,temp_motor_FR,48.72,C,OK
2026-06-29 09:07:11,3,lab_102,1,temp_motor_RL,44.23,C,OK
2026-06-29 09:07:11,3,lab_102,1,temp_motor_RR,37.22,C,OK
2026-06-29 09:07:11,3,lab_102,1,battery_pct,53.15,%,OK
2026-06-29 09:07:11,3,lab_102,1,proximity_cm,50.44,cm,OK
2026-06-29 09:07:11,3,lab_102,1,velocity_ms,1.21,m/s,OK
2026-06-29 09:07:18,3,lab_102,2,temp_body,33.0,C,OK
2026-06-29 09:07:18,3,lab_102,2,temp_motor_FL,42.34,C,OK
2026-06-29 09:07:18,3,lab_102,2,temp_motor_FR,32.01,C,OK
2026-06-29 09:07:18,3,lab_102,2,temp_motor_RL,31.0,C,OK
2026-06-29 09:07:18,3,lab_102,2,temp_motor_RR,40.8,C,OK
2026-06-29 09:07:18,3,lab_102,2,battery_pct,52.38,%,OK
2026-06-29 09:07:18,3,lab_102,2,proximity_cm,106.86,cm,OK
2026-06-29 09:07:18,3,lab_102,2,velocity_ms,0.95,m/s,OK
2026-06-29 09:07:22,3,lab_102,3,temp_body,34.74,C,OK
2026-06-29 09:07:22,3,lab_102,3,temp_motor_FL,51.51,C,OK
2026-06-29 09:07:22,3,lab_102,3,temp_motor_FR,44.68,C,OK
2026-06-29 09:07:22,3,lab_102,3,temp_motor_RL,30.52,C,OK
2026-06-29 09:07:22,3,lab_102,3,temp_motor_RR,49.12,C,OK
2026-06-29 09:07:22,3,lab_102,3,battery_pct,51.97,%,OK
2026-06-29 09:07:22,3,lab_102,3,proximity_cm,249.11,cm,OK
2026-06-29 09:07:22,3,lab_102,3,velocity_ms,1.15,m/s,OK
2026-06-29 09:07:27,3,stairwell_north,1,temp_body,34.52,C,OK
2026-06-29 09:07:27,3,stairwell_north,1,temp_motor_FL,52.9,C,OK
2026-06-29 09:07:27,3,stairwell_north,1,temp_motor_FR,34.54,C,OK
2026-06-29 09:07:27,3,stairwell_north,1,temp_motor_RL,44.63,C,OK
2026-06-29 09:07:27,3,stairwell_north,1,temp_motor_RR,45.87,C,OK
2026-06-29 09:07:27,3,stairwell_north,1,battery_pct,51.43,%,OK
2026-06-29 09:07:27,3,stairwell_north,1,proximity_cm,155.14,cm,OK
2026-06-29 09:07:27,3,stairwell_north,1,velocity_ms,0.85,m/s,OK
2026-06-29 09:07:33,3,stairwell_north,2,temp_body,31.21,C,OK
2026-06-29 09:07:33,3,stairwell_north,2,temp_motor_FL,32.61,C,OK
2026-06-29 09:07:33,3,stairwell_north,2,temp_motor_FR,34.02,C,OK
2026-06-29 09:07:33,3,stairwell_north,2,temp_motor_RL,40.29,C,OK
2026-06-29 09:07:33,3,stairwell_north,2,temp_motor_RR,42.39,C,OK
2026-06-29 09:07:33,3,stairwell_north,2,battery_pct,50.93,%,OK
2026-06-29 09:07:33,3,stairwell_north,2,proximity_cm,203.84,cm,OK
2026-06-29 09:07:33,3,stairwell_north,2,velocity_ms,1.04,m/s,OK
2026-06-29 09:07:37,3,stairwell_north,3,temp_body,31.15,C,OK
2026-06-29 09:07:37,3,stairwell_north,3,temp_motor_FL,38.08,C,OK
2026-06-29 09:07:37,3,stairwell_north,3,temp_motor_FR,54.25,C,OK
2026-06-29 09:07:37,3,stairwell_north,3,temp_motor_RL,40.1,C,OK
2026-06-29 09:07:37,3,stairwell_north,3,temp_motor_RR,42.86,C,OK
2026-06-29 09:07:37,3,stairwell_north,3,battery_pct,50.4,%,OK
2026-06-29 09:07:37,3,stairwell_north,3,proximity_cm,296.61,cm,OK
2026-06-29 09:07:37,3,stairwell_north,3,velocity_ms,1.19,m/s,OK
2026-06-29 09:07:44,3,hallway_C,1,temp_body,29.88,C,OK
2026-06-29 09:07:44,3,hallway_C,1,temp_motor_FL,39.04,C,OK
2026-06-29 09:07:44,3,hallway_C,1,temp_motor_FR,48.91,C,OK
2026-06-29 09:07:44,3,hallway_C,1,temp_motor_RL,45.64,C,OK
2026-06-29 09:07:44,3,hallway_C,1,temp_motor_RR,49.0,C,OK
2026-06-29 09:07:44,3,hallway_C,1,battery_pct,49.89,%,OK
2026-06-29 09:07:44,3,hallway_C,1,proximity_cm,73.01,cm,OK
2026-06-29 09:07:44,3,hallway_C,1,velocity_ms,1.13,m/s,OK
2026-06-29 09:07:50,3,hallway_C,2,temp_body,34.98,C,OK
2026-06-29 09:07:50,3,hallway_C,2,temp_motor_FL,33.04,C,OK
2026-06-29 09:07:50,3,hallway_C,2,temp_motor_FR,54.33,C,OK
2026-06-29 09:07:50,3,hallway_C,2,temp_motor_RL,45.22,C,OK
2026-06-29 09:07:50,3,hallway_C,2,temp_motor_RR,35.98,C,OK
2026-06-29 09:07:50,3,hallway_C,2,battery_pct,49.37,%,OK
2026-06-29 09:07:50,3,hallway_C,2,proximity_cm,8.95,cm,FAULT_LOW
2026-06-29 09:07:50,3,hallway_C,2,velocity_ms,1.13,m/s,OK
2026-06-29 09:07:57,3,hallway_C,3,temp_body,37.92,C,OK
2026-06-29 09:07:57,3,hallway_C,3,temp_motor_FL,52.82,C,OK
2026-06-29 09:07:57,3,hallway_C,3,temp_motor_FR,41.54,C,OK
2026-06-29 09:07:57,3,hallway_C,3,temp_motor_RL,32.94,C,OK
2026-06-29 09:07:57,3,hallway_C,3,temp_motor_RR,50.8,C,OK
2026-06-29 09:07:57,3,hallway_C,3,battery_pct,49.03,%,OK
2026-06-29 09:07:57,3,hallway_C,3,proximity_cm,157.04,cm,OK
2026-06-29 09:07:57,3,hallway_C,3,velocity_ms,1.23,m/s,OK
2026-06-29 09:08:03,3,lab_103,1,temp_body,32.82,C,OK
2026-06-29 09:08:03,3,lab_103,1,temp_motor_FL,41.81,C,OK
2026-06-29 09:08:03,3,lab_103,1,temp_motor_FR,41.42,C,OK
2026-06-29 09:08:03,3,lab_103,1,temp_motor_RL,33.62,C,OK
2026-06-29 09:08:03,3,lab_103,1,temp_motor_RR,34.77,C,OK
2026-06-29 09:08:03,3,lab_103,1,battery_pct,48.52,%,OK
2026-06-29 09:08:03,3,lab_103,1,proximity_cm,185.82,cm,OK
2026-06-29 09:08:03,3,lab_103,1,velocity_ms,1.25,m/s,OK
2026-06-29 09:08:08,3,lab_103,2,temp_body,30.76,C,OK
2026-06-29 09:08:08,3,lab_103,2,temp_motor_FL,49.75,C,OK
2026-06-29 09:08:08,3,lab_103,2,temp_motor_FR,40.37,C,OK
2026-06-29 09:08:08,3,lab_103,2,temp_motor_RL,53.36,C,OK
2026-06-29 09:08:08,3,lab_103,2,temp_motor_RR,42.69,C,OK
2026-06-29 09:08:08,3,lab_103,2,battery_pct,47.79,%,OK
2026-06-29 09:08:08,3,lab_103,2,proximity_cm,248.86,cm,OK
2026-06-29 09:08:08,3,lab_103,2,velocity_ms,0.97,m/s,OK
2026-06-29 09:08:14,3,lab_103,3,temp_body,33.8,C,OK
2026-06-29 09:08:14,3,lab_103,3,temp_motor_FL,46.5,C,OK
2026-06-29 09:08:14,3,lab_103,3,temp_motor_FR,51.63,C,OK
2026-06-29 09:08:14,3,lab_103,3,temp_motor_RL,41.16,C,OK
2026-06-29 09:08:14,3,lab_103,3,temp_motor_RR,42.11,C,OK
2026-06-29 09:08:14,3,lab_103,3,battery_pct,47.07,%,OK
2026-06-29 09:08:14,3,lab_103,3,proximity_cm,109.75,cm,OK
2026-06-29 09:08:14,3,lab_103,3,velocity_ms,1.26,m/s,OK
2026-06-29 09:08:21,3,server_room,1,temp_body,31.22,C,OK
2026-06-29 09:08:21,3,server_room,1,temp_motor_FL,34.72,C,OK
2026-06-29 09:08:21,3,server_room,1,temp_motor_FR,47.44,C,OK
2026-06-29 09:08:21,3,server_room,1,temp_motor_RL,44.29,C,OK
2026-06-29 09:08:21,3,server_room,1,temp_motor_RR,35.84,C,OK
2026-06-29 09:08:21,3,server_room,1,battery_pct,46.54,%,OK
2026-06-29 09:08:21,3,server_room,1,proximity_cm,236.03,cm,OK
2026-06-29 09:08:21,3,server_room,1,velocity_ms,0.83,m/s,OK
2026-06-29 09:08:28,3,server_room,2,temp_body,36.11,C,OK
2026-06-29 09:08:28,3,server_room,2,temp_motor_FL,39.65,C,OK
2026-06-29 09:08:28,3,server_room,2,temp_motor_FR,46.59,C,OK
2026-06-29 09:08:28,3,server_room,2,temp_motor_RL,50.52,C,OK
2026-06-29 09:08:28,3,server_room,2,temp_motor_RR,54.52,C,OK
2026-06-29 09:08:28,3,server_room,2,battery_pct,45.89,%,OK
2026-06-29 09:08:28,3,server_room,2,proximity_cm,156.17,cm,OK
2026-06-29 09:08:28,3,server_room,2,velocity_ms,0.82,m/s,OK
2026-06-29 09:08:34,3,server_room,3,temp_body,36.74,C,OK
2026-06-29 09:08:34,3,server_room,3,temp_motor_FL,41.01,C,OK
2026-06-29 09:08:34,3,server_room,3,temp_motor_FR,43.15,C,OK
2026-06-29 09:08:34,3,server_room,3,temp_motor_RL,41.42,C,OK
2026-06-29 09:08:34,3,server_room,3,temp_motor_RR,48.06,C,OK
2026-06-29 09:08:34,3,server_room,3,battery_pct,45.15,%,OK
2026-06-29 09:08:34,3,server_room,3,proximity_cm,131.84,cm,OK
2026-06-29 09:08:34,3,server_room,3,velocity_ms,1.19,m/s,OK
2026-06-29 09:08:39,3,hallway_D,1,temp_body,35.82,C,OK
2026-06-29 09:08:39,3,hallway_D,1,temp_motor_FL,36.63,C,OK
2026-06-29 09:08:39,3,hallway_D,1,temp_motor_FR,45.58,C,OK
2026-06-29 09:08:39,3,hallway_D,1,temp_motor_RL,39.94,C,OK
2026-06-29 09:08:39,3,hallway_D,1,temp_motor_RR,32.01,C,OK
2026-06-29 09:08:39,3,hallway_D,1,battery_pct,44.82,%,OK
2026-06-29 09:08:39,3,hallway_D,1,proximity_cm,108.64,cm,OK
2026-06-29 09:08:39,3,hallway_D,1,velocity_ms,1.2,m/s,OK
2026-06-29 09:08:46,3,hallway_D,2,temp_body,34.27,C,OK
2026-06-29 09:08:46,3,hallway_D,2,temp_motor_FL,52.19,C,OK
2026-06-29 09:08:46,3,hallway_D,2,temp_motor_FR,42.2,C,OK
2026-06-29 09:08:46,3,hallway_D,2,temp_motor_RL,43.53,C,OK
2026-06-29 09:08:46,3,hallway_D,2,temp_motor_RR,45.44,C,OK
2026-06-29 09:08:46,3,hallway_D,2,battery_pct,44.04,%,OK
2026-06-29 09:08:46,3,hallway_D,2,proximity_cm,9.41,cm,FAULT_LOW
2026-06-29 09:08:46,3,hallway_D,2,velocity_ms,1.21,m/s,OK
2026-06-29 09:08:52,3,hallway_D,3,temp_body,35.47,C,OK
2026-06-29 09:08:52,3,hallway_D,3,temp_motor_FL,40.85,C,OK
2026-06-29 09:08:52,3,hallway_D,3,temp_motor_FR,32.46,C,OK
2026-06-29 09:08:52,3,hallway_D,3,temp_motor_RL,45.84,C,OK
2026-06-29 09:08:52,3,hallway_D,3,temp_motor_RR,51.81,C,OK
2026-06-29 09:08:52,3,hallway_D,3,battery_pct,43.24,%,OK
2026-06-29 09:08:52,3,hallway_D,3,proximity_cm,141.45,cm,OK
2026-06-29 09:08:52,3,hallway_D,3,velocity_ms,1.22,m/s,OK
2026-06-29 09:08:56,3,exit_loading_dock,1,temp_body,35.96,C,OK
2026-06-29 09:08:56,3,exit_loading_dock,1,temp_motor_FL,37.33,C,OK
2026-06-29 09:08:56,3,exit_loading_dock,1,temp_motor_FR,39.37,C,OK
2026-06-29 09:08:56,3,exit_loading_dock,1,temp_motor_RL,33.64,C,OK
2026-06-29 09:08:56,3,exit_loading_dock,1,temp_motor_RR,43.28,C,OK
2026-06-29 09:08:56,3,exit_loading_dock,1,battery_pct,42.92,%,OK
2026-06-29 09:08:56,3,exit_loading_dock,1,proximity_cm,176.29,cm,OK
2026-06-29 09:08:56,3,exit_loading_dock,1,velocity_ms,1.28,m/s,OK
2026-06-29 09:09:01,3,exit_loading_dock,2,temp_body,34.09,C,OK
2026-06-29 09:09:01,3,exit_loading_dock,2,temp_motor_FL,39.56,C,OK
2026-06-29 09:09:01,3,exit_loading_dock,2,temp_motor_FR,47.08,C,OK
2026-06-29 09:09:01,3,exit_loading_dock,2,temp_motor_RL,42.44,C,OK
2026-06-29 09:09:01,3,exit_loading_dock,2,temp_motor_RR,44.58,C,OK
2026-06-29 09:09:01,3,exit_loading_dock,2,battery_pct,42.53,%,OK
2026-06-29 09:09:01,3,exit_loading_dock,2,proximity_cm,81.17,cm,OK
2026-06-29 09:09:01,3,exit_loading_dock,2,velocity_ms,1.18,m/s,OK
2026-06-29 09:09:08,3,exit_loading_dock,3,temp_body,28.09,C,OK
2026-06-29 09:09:08,3,exit_loading_dock,3,temp_motor_FL,50.12,C,OK
2026-06-29 09:09:08,3,exit_loading_dock,3,temp_motor_FR,52.53,C,OK
2026-06-29 09:09:08,3,exit_loading_dock,3,temp_motor_RL,46.94,C,OK
2026-06-29 09:09:08,3,exit_loading_dock,3,temp_motor_RR,33.95,C,OK
2026-06-29 09:09:08,3,exit_loading_dock,3,battery_pct,42.1,%,OK
2026-06-29 09:09:08,3,exit_loading_dock,3,proximity_cm,140.89,cm,OK
2026-06-29 09:09:08,3,exit_loading_dock,3,velocity_ms,1.01,m/s,OK
